{
	"welcomeFile": "/webapp/index.html",
	"routes": [{
		"path": "/resources",
		"target": {
			"type": "service",
			"name": "sapui5",
			"entryPath": "/resources"
		},
		"description": "SAPUI5 Resources"
	}, {
		"path": "/test-resources",
		"target": {
			"type": "service",
			"name": "sapui5",
			"entryPath": "/test-resources"
		},
		"description": "SAPUI5 Test Resources"
	}, 
	{defaultservicegrouproute}
	, {
		"path": "/services/userapi",
		"target": {
			"type": "service",
			"name": "userapi"
		}
	}
	{additionalroutes}
	,{
      "path": "/themedesigner",
      "target": {
        "type": "application",
        "name": "themedesigner"
      },
     "description": "Route for theme designer"
	}],
	"sendWelcomeFileRedirect": true,
	"authenticationMethod": "none",
	"securityConstraints": [
        {
	          "permission": "ApplicationPermission",
	          "description": "Permission to access the Application",
	          "protectedPaths": [
	             "/"
	          ],
	          "excludedPaths": [
				{securityConstraints.excludedPaths}
              ]
	     },
         {
	          "permission": "ApplicationDescriptorPermission",
	          "description": "Permission to access the application descriptor file",
	          "protectedPaths": [
	             "/neo-app.json"
	          ]
	     }
    ],
    "headerWhiteList" : [
    	"entityId", "X-STORM-LANG","service-worker-allowed"
    ]
}